-- phpMyAdmin SQL Dump
-- version 4.7.4
-- https://www.phpmyadmin.net/
--
-- Host: 127.0.0.1
-- Generation Time: 2018-11-09 14:32:28
-- 服务器版本： 10.1.28-MariaDB
-- PHP Version: 5.6.32

SET SQL_MODE = "NO_AUTO_VALUE_ON_ZERO";
SET AUTOCOMMIT = 0;
START TRANSACTION;
SET time_zone = "+00:00";


/*!40101 SET @OLD_CHARACTER_SET_CLIENT=@@CHARACTER_SET_CLIENT */;
/*!40101 SET @OLD_CHARACTER_SET_RESULTS=@@CHARACTER_SET_RESULTS */;
/*!40101 SET @OLD_COLLATION_CONNECTION=@@COLLATION_CONNECTION */;
/*!40101 SET NAMES utf8mb4 */;

--
-- Database: `mi_shop`
--

-- --------------------------------------------------------

--
-- 表的结构 `m_family`
--

CREATE TABLE `m_family` (
  `fid` int(11) NOT NULL,
  `fname` varchar(16) CHARACTER SET utf8 COLLATE utf8_croatian_ci DEFAULT NULL
) ENGINE=InnoDB DEFAULT CHARSET=latin1;

--
-- 转存表中的数据 `m_family`
--

INSERT INTO `m_family` (`fid`, `fname`) VALUES
(1, 'phone'),
(2, 'jiadian'),
(3, 'cheap'),
(4, 'zhineng'),
(5, 'dapei'),
(6, 'tuijian');

-- --------------------------------------------------------

--
-- 表的结构 `m_index_carousel`
--

CREATE TABLE `m_index_carousel` (
  `cid` int(16) NOT NULL,
  `img` varchar(128) CHARACTER SET utf8 COLLATE utf8_croatian_ci DEFAULT NULL,
  `title` varchar(64) CHARACTER SET utf8 COLLATE utf8_croatian_ci DEFAULT NULL,
  `lid` int(11) DEFAULT NULL
) ENGINE=InnoDB DEFAULT CHARSET=latin1;

--
-- 转存表中的数据 `m_index_carousel`
--

INSERT INTO `m_index_carousel` (`cid`, `img`, `title`, `lid`) VALUES
(1, 'http://127.0.0.1:3000/img/banner.jpg', '小米MIX现货', 7),
(2, 'http://127.0.0.1:3000/img/banner2.jpg', '小米6   变焦双摄   拍人更美', 13),
(3, 'http://127.0.0.1:3000/img/banner3.jpg', '米家自动洗手机套装', 122),
(4, 'http://127.0.0.1:3000/img/banner4.jpg', '全新体验  全新升级 小米笔记本', 88),
(5, 'http://127.0.0.1:3000/img/banner5.jpg', '小米8青春无敌版', 1);

-- --------------------------------------------------------

--
-- 表的结构 `m_laptop`
--

CREATE TABLE `m_laptop` (
  `lid` int(11) NOT NULL,
  `fid` int(11) DEFAULT NULL,
  `title` varchar(128) CHARACTER SET utf8 COLLATE utf8_croatian_ci DEFAULT NULL,
  `subtitle` varchar(128) CHARACTER SET utf8 COLLATE utf8_croatian_ci DEFAULT NULL,
  `price` decimal(10,2) DEFAULT NULL,
  `original_price` decimal(10,2) DEFAULT NULL,
  `spec` varchar(64) CHARACTER SET utf8 COLLATE utf8_croatian_ci DEFAULT NULL,
  `color` varchar(16) CHARACTER SET utf8 COLLATE utf8_croatian_ci DEFAULT NULL,
  `img` varchar(128) CHARACTER SET utf8 COLLATE utf8_croatian_ci DEFAULT NULL,
  `discount` varchar(8) CHARACTER SET utf8 COLLATE utf8_croatian_ci DEFAULT NULL,
  `comment` varchar(64) CHARACTER SET utf8 COLLATE utf8_croatian_ci DEFAULT NULL,
  `from_user` varchar(64) CHARACTER SET utf8 COLLATE utf8_croatian_ci DEFAULT NULL
) ENGINE=InnoDB DEFAULT CHARSET=latin1;

--
-- 转存表中的数据 `m_laptop`
--

INSERT INTO `m_laptop` (`lid`, `fid`, `title`, `subtitle`, `price`, `original_price`, `spec`, `color`, `img`, `discount`, `comment`, `from_user`) VALUES
(1, 1, '小米8青春版 4GB+64GB', '潮流镜面渐变色 2400万自拍旗舰', '1399.00', NULL, '小米8青春版 4GB+64GB - 小米8青春版 6GB+128GB', '亮黑色', 'http://127.0.0.1:3000/img/xiaomi8qingchun.jpg', '-1', NULL, NULL),
(2, 1, '小米8屏幕指纹版 8GB+128GB', '全球首款压感屏幕指纹 双频GPS...', '3599.00', NULL, '小米8屏幕指纹版 8GB+128GB-小米8屏幕指纹版 6GB+64GB', '水晶粉', 'http://127.0.0.1:3000/img/xm8zhiwen.png', '-1', NULL, NULL),
(3, 1, '小米8 SE 4GB+64GB', 'AI感光双摄 三星AMOLED屏幕', '1699.00', '1799.00', '小米8 SE 4GB+64GB - 小米8 SE 6GB+128GB', '天空蓝', 'http://127.0.0.1:3000/img/xm8se.jpg', '100', NULL, NULL),
(4, 1, '小米MIX 2S 8GB+256GB', '骁龙845年度旗舰处理器 艺术品般的丝滑', '3599.00', '3999.00', '小米MIX 2S 8GB+256GB-小米MIX 2S 6GB+128GB - 小米MIX 2S 6GB+64GB', '乳白色', 'http://127.0.0.1:3000/img/xmMIX2s.jpg', '400', NULL, NULL),
(5, 1, '小米6X 4GB+32GB', '全索尼相机 骁龙660AIE处理器', '1499.00', '1199.00', '小米6X 4GB+32GB - 小米6X 4GB+64GB', '暗红色', 'http://127.0.0.1:3000/img/xm6X.jpg', '0.8', NULL, NULL),
(6, 1, '小米Max 2 4GB+64GB', '6.44寸大屏 5300mAh充电宝级别', '1699.00', NULL, '小米Max 2 4GB+64GB - 小米Max 2 6GB+128GB', '金色', 'http://127.0.0.1:3000/img/xmMAX2.jpg', NULL, NULL, NULL),
(7, 1, '小米MIX2 全陶瓷尊享版', '全面屏2.0 Unibody全陶瓷', '2699.00', '4699.00', '小米MIX2 全陶瓷尊享版', '黑色', 'http://127.0.0.1:3000/img/xmMIX2.jpg', '0.6', NULL, NULL),
(8, 1, '红米s2 3GB+32GB', '前置1600万超大像素智能美拍', '999.00', NULL, '红米s2 3GB+32GB', '骚气粉', 'http://127.0.0.1:3000/img/hms2.jpg', NULL, NULL, NULL),
(9, 1, '小米8青春版 4GB+64GB', '潮流镜面渐变色 2400万自拍旗舰', '1399.00', NULL, '小米8青春版 4GB+64GB - 小米8青春版 6GB+128GB', '亮黑色', 'http://127.0.0.1:3000/img/xiaomi8qingchun.jpg', '-1', NULL, NULL),
(10, 1, '小米8屏幕指纹版 8GB+128GB', '全球首款压感屏幕指纹 双频GPS...', '3599.00', NULL, '小米8屏幕指纹版 8GB+128GB-小米8屏幕指纹版 6GB+64GB', '水晶粉', 'http://127.0.0.1:3000/img/xm8zhiwen.png', '-1', NULL, NULL),
(11, 1, '小米8 SE 4GB+64GB', 'AI感光双摄 三星AMOLED屏幕', '1699.00', '1799.00', '小米8 SE 4GB+64GB - 小米8 SE 6GB+128GB', '天空蓝', 'http://127.0.0.1:3000/img/xm8se.jpg', '100', NULL, NULL),
(12, 1, '小米MIX 2S 8GB+256GB', '骁龙845年度旗舰处理器 艺术品般的丝滑', '3599.00', '3999.00', '小米MIX 2S 8GB+256GB-小米MIX 2S 6GB+128GB - 小米MIX 2S 6GB+64GB', '乳白色', 'http://127.0.0.1:3000/img/xmMIX2s.jpg', '400', NULL, NULL),
(13, 1, '小米6X 4GB+32GB', '全索尼相机 骁龙660AIE处理器', '1499.00', '1199.00', '小米6X 4GB+32GB - 小米6X 4GB+64GB', '暗红色', 'http://127.0.0.1:3000/img/xm6X.jpg', '0.8', NULL, NULL),
(14, 1, '小米Max 2 4GB+64GB', '6.44寸大屏 5300mAh充电宝级别', '1699.00', NULL, '小米Max 2 4GB+64GB - 小米Max 2 6GB+128GB', '金色', 'http://127.0.0.1:3000/img/xmMAX2.jpg', NULL, NULL, NULL),
(15, 1, '小米MIX2 全陶瓷尊享版', '全面屏2.0 Unibody全陶瓷', '2699.00', '4699.00', '小米MIX2 全陶瓷尊享版', '黑色', 'http://127.0.0.1:3000/img/xmMIX2.jpg', '0.6', NULL, NULL),
(16, 1, '红米s2 3GB+32GB', '前置1600万超大像素智能美拍', '999.00', NULL, '红米s2 3GB+32GB', '骚气粉', 'http://127.0.0.1:3000/img/hms2.jpg', NULL, NULL, NULL),
(17, 1, '小米8青春版 4GB+64GB', '潮流镜面渐变色 2400万自拍旗舰', '1399.00', NULL, '小米8青春版 4GB+64GB - 小米8青春版 6GB+128GB', '亮黑色', 'http://127.0.0.1:3000/img/xiaomi8qingchun.jpg', '-1', NULL, NULL),
(18, 1, '小米8屏幕指纹版 8GB+128GB', '全球首款压感屏幕指纹 双频GPS...', '3599.00', NULL, '小米8屏幕指纹版 8GB+128GB-小米8屏幕指纹版 6GB+64GB', '水晶粉', 'http://127.0.0.1:3000/img/xm8zhiwen.png', '-1', NULL, NULL),
(19, 1, '小米8 SE 4GB+64GB', 'AI感光双摄 三星AMOLED屏幕', '1699.00', '1799.00', '小米8 SE 4GB+64GB - 小米8 SE 6GB+128GB', '天空蓝', 'http://127.0.0.1:3000/img/xm8se.jpg', '100', NULL, NULL),
(20, 1, '小米MIX 2S 8GB+256GB', '骁龙845年度旗舰处理器 艺术品般的丝滑', '3599.00', '3999.00', '小米MIX 2S 8GB+256GB-小米MIX 2S 6GB+128GB - 小米MIX 2S 6GB+64GB', '乳白色', 'http://127.0.0.1:3000/img/xmMIX2s.jpg', '400', NULL, NULL),
(21, 1, '小米6X 4GB+32GB', '全索尼相机 骁龙660AIE处理器', '1499.00', '1199.00', '小米6X 4GB+32GB - 小米6X 4GB+64GB', '暗红色', 'http://127.0.0.1:3000/img/xm6X.jpg', '0.8', NULL, NULL),
(22, 1, '小米Max 2 4GB+64GB', '6.44寸大屏 5300mAh充电宝级别', '1699.00', NULL, '小米Max 2 4GB+64GB - 小米Max 2 6GB+128GB', '金色', 'http://127.0.0.1:3000/img/xmMAX2.jpg', NULL, NULL, NULL),
(23, 1, '小米MIX2 全陶瓷尊享版', '全面屏2.0 Unibody全陶瓷', '2699.00', '4699.00', '小米MIX2 全陶瓷尊享版', '黑色', 'http://127.0.0.1:3000/img/xmMIX2.jpg', '0.6', NULL, NULL),
(24, 1, '红米s2 3GB+32GB', '前置1600万超大像素智能美拍', '999.00', NULL, '红米s2 3GB+32GB', '骚气粉', 'http://127.0.0.1:3000/img/hms2.jpg', NULL, NULL, NULL),
(25, 1, '小米8青春版 4GB+64GB', '潮流镜面渐变色 2400万自拍旗舰', '1399.00', NULL, '小米8青春版 4GB+64GB - 小米8青春版 6GB+128GB', '亮黑色', 'http://127.0.0.1:3000/img/xiaomi8qingchun.jpg', '-1', NULL, NULL),
(26, 1, '小米8屏幕指纹版 8GB+128GB', '全球首款压感屏幕指纹 双频GPS...', '3599.00', '0.00', '小米8屏幕指纹版 8GB+128GB-小米8屏幕指纹版 6GB+64GB', '水晶粉', 'http://127.0.0.1:3000/img/xm8zhiwen.png', '-1', NULL, NULL),
(30, 2, '小米电视4a 43寸青春版', '全高清屏/人工智能语音', '1499.00', '1699.00', '小米电视4a 43寸青春版', '黑色', 'http://127.0.0.1:3000/img/xmdianshi4a.jpg', '-1', '一如既往的好 小米情怀', '来自于 惊喜 的评价'),
(31, 2, '小米电视4c 50英寸', '4KHDR/人工智能语音', '1899.00', '2199.00', '小米电视4c 50英寸', '暗红色', 'http://127.0.0.1:3000/img/xmdianshi4c.jpg', '-1', '一如既往的好 小米情怀', '来自于 惊喜 的评价'),
(32, 2, '15.6寸笔记本 i5 4G MX110', NULL, '3999.00', '4199.00', 'i5 4G MX110', '暗红色', 'http://127.0.0.1:3000/img/bjb15.6.png', '100', '一如既往的好 小米情怀', '来自于 惊喜 的评价'),
(33, 2, '13.3寸小米笔记本Air四核i7', NULL, '5999.00', '6399.00', 'Air四核i7', '金色', 'http://127.0.0.1:3000/img/bjbAir13.3.jpg', '400', '一如既往的好 小米情怀', '来自于 惊喜 的评价'),
(34, 2, '13.3寸小米笔记本Air四核i7', NULL, '5999.00', '6399.00', 'Air四核i7', '金色', 'http://127.0.0.1:3000/img/bjbAir13.3.jpg', '400', '一如既往的好 小米情怀', '来自于 惊喜 的评价'),
(35, 2, '15.6寸笔记本 i5 4G MX110', NULL, '3999.00', '4199.00', 'i5 4G MX110', '暗红色', 'http://127.0.0.1:3000/img/bjb15.6.png', '100', '一如既往的好 小米情怀', '来自于 惊喜 的评价'),
(36, 2, '小米电视4c 50英寸', '4KHDR/人工智能语音', '1899.00', '2199.00', '小米电视4c 50英寸', '暗红色', 'http://127.0.0.1:3000/img/xmdianshi4c.jpg', '-1', '一如既往的好 小米情怀', '来自于 惊喜 的评价'),
(37, 2, '小米电视4a 43寸青春版', '全高清屏/人工智能语音', '1499.00', '1699.00', '小米电视4a 43寸青春版', '黑色', 'http://127.0.0.1:3000/img/xmdianshi4a.jpg', '-1', '一如既往的好 小米情怀', '来自于 惊喜 的评价'),
(38, 2, '小米电视4a 43寸青春版', '全高清屏/人工智能语音', '1499.00', '1699.00', '小米电视4a 43寸青春版', '黑色', 'http://127.0.0.1:3000/img/xmdianshi4a.jpg', '-1', '一如既往的好 小米情怀', '来自于 惊喜 的评价'),
(39, 2, '小米电视4c 50英寸', '4KHDR/人工智能语音', '1899.00', '2199.00', '小米电视4c 50英寸', '暗红色', 'http://127.0.0.1:3000/img/xmdianshi4c.jpg', '-1', '一如既往的好 小米情怀', '来自于 惊喜 的评价'),
(40, 2, '15.6寸笔记本 i5 4G MX110', NULL, '3999.00', '4199.00', 'i5 4G MX110', '暗红色', 'http://127.0.0.1:3000/img/bjb15.6.png', '100', '一如既往的好 小米情怀', '来自于 惊喜 的评价'),
(41, 2, '13.3寸小米笔记本Air四核i7', NULL, '5999.00', '6399.00', 'Air四核i7', '金色', 'http://127.0.0.1:3000/img/bjbAir13.3.jpg', '400', '一如既往的好 小米情怀', '来自于 惊喜 的评价'),
(42, 2, '13.3寸小米笔记本Air四核i7', NULL, '5999.00', '6399.00', 'Air四核i7', '金色', 'http://127.0.0.1:3000/img/bjbAir13.3.jpg', '400', '一如既往的好 小米情怀', '来自于 惊喜 的评价'),
(43, 2, '15.6寸笔记本 i5 4G MX110', NULL, '3999.00', '4199.00', 'i5 4G MX110', '暗红色', 'http://127.0.0.1:3000/img/bjb15.6.png', '100', '一如既往的好 小米情怀', '来自于 惊喜 的评价'),
(44, 2, '小米电视4c 50英寸', '4KHDR/人工智能语音', '1899.00', '2199.00', '小米电视4c 50英寸', '暗红色', 'http://127.0.0.1:3000/img/xmdianshi4c.jpg', '-1', '一如既往的好 小米情怀', '来自于 惊喜 的评价'),
(45, 2, '小米电视4a 43寸青春版', '全高清屏/人工智能语音', '1499.00', '1699.00', '小米电视4a 43寸青春版', '黑色', 'http://127.0.0.1:3000/img/xmdianshi4a.jpg', '-1', '一如既往的好 小米情怀', '来自于 惊喜 的评价'),
(46, 2, '小米电视4a 43寸青春版', '全高清屏/人工智能语音', '1499.00', '1699.00', '小米电视4a 43寸青春版', '黑色', 'http://127.0.0.1:3000/img/xmdianshi4a.jpg', '-1', '一如既往的好 小米情怀', '来自于 惊喜 的评价'),
(47, 2, '小米电视4c 50英寸', '4KHDR/人工智能语音', '1899.00', '2199.00', '小米电视4c 50英寸', '暗红色', 'http://127.0.0.1:3000/img/xmdianshi4c.jpg', '-1', '一如既往的好 小米情怀', '来自于 惊喜 的评价'),
(48, 2, '15.6寸笔记本 i5 4G MX110', NULL, '3999.00', '4199.00', 'i5 4G MX110', '暗红色', 'http://127.0.0.1:3000/img/bjb15.6.png', '100', '一如既往的好 小米情怀', '来自于 惊喜 的评价'),
(49, 2, '13.3寸小米笔记本Air四核i7', NULL, '5999.00', '6399.00', 'Air四核i7', '金色', 'http://127.0.0.1:3000/img/bjbAir13.3.jpg', '400', '一如既往的好 小米情怀', '来自于 惊喜 的评价'),
(50, 2, '13.3寸小米笔记本Air四核i7', NULL, '5999.00', '6399.00', 'Air四核i7', '金色', 'http://127.0.0.1:3000/img/bjbAir13.3.jpg', '400', '一如既往的好 小米情怀', '来自于 惊喜 的评价'),
(51, 2, '15.6寸笔记本 i5 4G MX110', NULL, '3999.00', '4199.00', 'i5 4G MX110', '暗红色', 'http://127.0.0.1:3000/img/bjb15.6.png', '100', '一如既往的好 小米情怀', '来自于 惊喜 的评价'),
(52, 2, '小米电视4c 50英寸', '4KHDR/人工智能语音', '1899.00', '2199.00', '小米电视4c 50英寸', '暗红色', 'http://127.0.0.1:3000/img/xmdianshi4c.jpg', '-1', '一如既往的好 小米情怀', '来自于 惊喜 的评价'),
(53, 2, '小米电视4a 43寸青春版', '全高清屏/人工智能语音', '1499.00', '1699.00', '小米电视4a 43寸青春版', '黑色', 'http://127.0.0.1:3000/img/xmdianshi4a.jpg', '-1', '一如既往的好 小米情怀', '来自于 惊喜 的评价'),
(54, 3, '小米体重秤 白色', '高精度压力传感器', '1.00', '99.00', '小米体重秤 白色', '白色', 'http://127.0.0.1:3000/img/T1sWd_B7VT1RXrhCrK.jpg', '1', NULL, NULL),
(55, 3, '米兔儿童电话手表 3 4 G 蓝色', '带你探索植物园的电话手表', '1.00', '579.00', '手表3G - 手表4G', '金色', 'http://127.0.0.1:3000/img/8794f2d4-4254-f931-da9b-f377a9b7110a.jpg', '1', NULL, NULL),
(56, 3, 'TS 偏光太阳镜 米家定制 灰色', '夏季优选 时尚随行', '1.00', '99.00', '米家定制 灰色', '灰色', 'http://127.0.0.1:3000/img/7f2afcae-8db2-a47d-7073-72547b07b1a8.jpg', '1', NULL, NULL),
(57, 3, '手机type-c转换器 白色', '高端设计 持久耐用', '7.90', '9.90', 'type-c转换器', '白色', 'http://127.0.0.1:3000/img/287594eb-b765-8db1-3255-0a05c4c07440.jpg', NULL, NULL, NULL),
(58, 3, '米家小娃娃', '没有更可爱 只有最可爱', '66.00', '99.00', '米家小娃娃', '蓝色', 'http://127.0.0.1:3000/img/1acf1167-8a6d-cefb-7805-628f78a6aa33.jpg', NULL, NULL, NULL),
(59, 3, '小米插排 白色', '质量可靠 安全放心', '159.00', '199.00', '小米插排', '白色', 'http://127.0.0.1:3000/img/9f49ad97-6865-a512-2478-a11c24fcc762.jpg', NULL, NULL, NULL),
(60, 3, '米家小风扇', '清凉一夏 随身必备', '1.00', '9.90', '米家小风扇', '蓝色', 'http://127.0.0.1:3000/img/8fc81277-368b-2435-93dc-87ced43b0cf6.jpg', '1', NULL, NULL),
(61, 3, '小米盒子', '高精度传感器', '199.00', '299.00', '小米盒子', '白色', 'http://127.0.0.1:3000/img/T1V1VvBKZv1RXrhCrK.jpg', '', NULL, NULL),
(62, 3, '小米体重秤 白色', '高精度压力传感器', '1.00', '99.00', '小米体重秤 白色', '白色', 'http://127.0.0.1:3000/img/T1sWd_B7VT1RXrhCrK.jpg', '1', NULL, NULL),
(63, 3, '小米体重秤 白色', '高精度压力传感器', '1.00', '99.00', '小米体重秤 白色', '白色', 'http://127.0.0.1:3000/img/T1sWd_B7VT1RXrhCrK.jpg', '1', NULL, NULL),
(64, 3, '小米盒子', '高精度传感器', '199.00', '299.00', '小米盒子', '白色', 'http://127.0.0.1:3000/img/T1V1VvBKZv1RXrhCrK.jpg', '', NULL, NULL),
(65, 3, '米家小风扇', '清凉一夏 随身必备', '1.00', '9.90', '米家小风扇', '蓝色', 'http://127.0.0.1:3000/img/8fc81277-368b-2435-93dc-87ced43b0cf6.jpg', '1', NULL, NULL),
(66, 3, '小米插排 白色', '质量可靠 安全放心', '159.00', '199.00', '小米插排', '白色', 'http://127.0.0.1:3000/img/9f49ad97-6865-a512-2478-a11c24fcc762.jpg', NULL, NULL, NULL),
(67, 3, '米家小娃娃', '没有更可爱 只有最可爱', '66.00', '99.00', '米家小娃娃', '蓝色', 'http://127.0.0.1:3000/img/1acf1167-8a6d-cefb-7805-628f78a6aa33.jpg', NULL, NULL, NULL),
(68, 3, '手机type-c转换器 白色', '高端设计 持久耐用', '7.90', '9.90', 'type-c转换器', '白色', 'http://127.0.0.1:3000/img/287594eb-b765-8db1-3255-0a05c4c07440.jpg', NULL, NULL, NULL),
(69, 3, 'TS 偏光太阳镜 米家定制 灰色', '夏季优选 时尚随行', '1.00', '99.00', '米家定制 灰色', '灰色', 'http://127.0.0.1:3000/img/7f2afcae-8db2-a47d-7073-72547b07b1a8.jpg', '1', NULL, NULL),
(70, 3, '米兔儿童电话手表 3 4 G 蓝色', '带你探索植物园的电话手表', '1.00', '579.00', '手表3G - 手表4G', '金色', 'http://127.0.0.1:3000/img/8794f2d4-4254-f931-da9b-f377a9b7110a.jpg', '1', NULL, NULL),
(71, 4, '15.6寸笔记本 i5 4G MX110', NULL, '3999.00', '4199.00', 'i5 4G MX110', '暗红色', 'http://127.0.0.1:3000/img/bjb15.6.png', '100', '一如既往的好 小米情怀', '来自于 惊喜 的评价'),
(72, 4, '13.3寸小米笔记本Air四核i7', NULL, '5999.00', '6399.00', 'Air四核i7', '金色', 'http://127.0.0.1:3000/img/bjbAir13.3.jpg', '400', '一如既往的好 小米情怀', '来自于 惊喜 的评价'),
(73, 4, '小米电视4c 50英寸', '4KHDR/人工智能语音', '1899.00', '2199.00', '小米电视4c 50英寸', '暗红色', 'http://127.0.0.1:3000/img/xmdianshi4c.jpg', '-1', '一如既往的好 小米情怀', '来自于 惊喜 的评价'),
(74, 4, '小米电视4a 43寸青春版', '全高清屏/人工智能语音', '1499.00', '1699.00', '小米电视4a 43寸青春版', '黑色', 'http://127.0.0.1:3000/img/xmdianshi4a.jpg', '-1', '一如既往的好 小米情怀', '来自于 惊喜 的评价'),
(83, 4, '小米电视4a 43寸青春版', '全高清屏/人工智能语音', '1499.00', '1699.00', '小米电视4a 43寸青春版', '黑色', 'http://127.0.0.1:3000/img/xmdianshi4a.jpg', '-1', '一如既往的好 小米情怀', '来自于 惊喜 的评价'),
(84, 4, '小米电视4c 50英寸', '4KHDR/人工智能语音', '1899.00', '2199.00', '小米电视4c 50英寸', '暗红色', 'http://127.0.0.1:3000/img/xmdianshi4c.jpg', '-1', '一如既往的好 小米情怀', '来自于 惊喜 的评价'),
(85, 4, '13.3寸小米笔记本Air四核i7', NULL, '5999.00', '6399.00', 'Air四核i7', '金色', 'http://127.0.0.1:3000/img/bjbAir13.3.jpg', '400', '一如既往的好 小米情怀', '来自于 惊喜 的评价'),
(86, 4, '15.6寸笔记本 i5 4G MX110', NULL, '3999.00', '4199.00', 'i5 4G MX110', '暗红色', 'http://127.0.0.1:3000/img/bjb15.6.png', '100', '一如既往的好 小米情怀', '来自于 惊喜 的评价'),
(87, 5, '15.6寸笔记本 i5 4G MX110', NULL, '3999.00', '4199.00', 'i5 4G MX110', '暗红色', 'http://127.0.0.1:3000/img/bjb15.6.png', '100', '一如既往的好 小米情怀', '来自于 惊喜 的评价'),
(88, 5, '13.3寸小米笔记本Air四核i7', NULL, '5999.00', '6399.00', 'Air四核i7', '金色', 'http://127.0.0.1:3000/img/bjbAir13.3.jpg', '400', '一如既往的好 小米情怀', '来自于 惊喜 的评价'),
(89, 5, '小米电视4c 50英寸', '4KHDR/人工智能语音', '1899.00', '2199.00', '小米电视4c 50英寸', '暗红色', 'http://127.0.0.1:3000/img/xmdianshi4c.jpg', '-1', '一如既往的好 小米情怀', '来自于 惊喜 的评价'),
(90, 5, '小米电视4a 43寸青春版', '全高清屏/人工智能语音', '1499.00', '1699.00', '小米电视4a 43寸青春版', '黑色', 'http://127.0.0.1:3000/img/xmdianshi4a.jpg', '-1', '一如既往的好 小米情怀', '来自于 惊喜 的评价'),
(95, 5, '小米电视4a 43寸青春版', '全高清屏/人工智能语音', '1499.00', '1699.00', '小米电视4a 43寸青春版', '黑色', 'http://127.0.0.1:3000/img/xmdianshi4a.jpg', '-1', '一如既往的好 小米情怀', '来自于 惊喜 的评价'),
(96, 5, '小米电视4c 50英寸', '4KHDR/人工智能语音', '1899.00', '2199.00', '小米电视4c 50英寸', '暗红色', 'http://127.0.0.1:3000/img/xmdianshi4c.jpg', '-1', '一如既往的好 小米情怀', '来自于 惊喜 的评价'),
(97, 5, '13.3寸小米笔记本Air四核i7', NULL, '5999.00', '6399.00', 'Air四核i7', '金色', 'http://127.0.0.1:3000/img/bjbAir13.3.jpg', '400', '一如既往的好 小米情怀', '来自于 惊喜 的评价'),
(98, 5, '15.6寸笔记本 i5 4G MX110', NULL, '3999.00', '4199.00', 'i5 4G MX110', '暗红色', 'http://127.0.0.1:3000/img/bjb15.6.png', '100', '一如既往的好 小米情怀', '来自于 惊喜 的评价'),
(99, 5, '15.6寸笔记本 i5 4G MX110', NULL, '3999.00', '4199.00', 'i5 4G MX110', '暗红色', 'http://127.0.0.1:3000/img/bjb15.6.png', '100', '一如既往的好 小米情怀', '来自于 惊喜 的评价'),
(100, 5, '13.3寸小米笔记本Air四核i7', NULL, '5999.00', '6399.00', 'Air四核i7', '金色', 'http://127.0.0.1:3000/img/bjbAir13.3.jpg', '400', '一如既往的好 小米情怀', '来自于 惊喜 的评价'),
(101, 5, '小米电视4c 50英寸', '4KHDR/人工智能语音', '1899.00', '2199.00', '小米电视4c 50英寸', '暗红色', 'http://127.0.0.1:3000/img/xmdianshi4c.jpg', '-1', '一如既往的好 小米情怀', '来自于 惊喜 的评价'),
(102, 5, '小米电视4a 43寸青春版', '全高清屏/人工智能语音', '1499.00', '1699.00', '小米电视4a 43寸青春版', '黑色', 'http://127.0.0.1:3000/img/xmdianshi4a.jpg', '-1', '一如既往的好 小米情怀', '来自于 惊喜 的评价'),
(103, 5, '小米电视4a 43寸青春版', '全高清屏/人工智能语音', '1499.00', '1699.00', '小米电视4a 43寸青春版', '黑色', 'http://127.0.0.1:3000/img/xmdianshi4a.jpg', '-1', '一如既往的好 小米情怀', '来自于 惊喜 的评价'),
(104, 5, '小米电视4c 50英寸', '4KHDR/人工智能语音', '1899.00', '2199.00', '小米电视4c 50英寸', '暗红色', 'http://127.0.0.1:3000/img/xmdianshi4c.jpg', '-1', '一如既往的好 小米情怀', '来自于 惊喜 的评价'),
(105, 5, '13.3寸小米笔记本Air四核i7', NULL, '5999.00', '6399.00', 'Air四核i7', '金色', 'http://127.0.0.1:3000/img/bjbAir13.3.jpg', '400', '一如既往的好 小米情怀', '来自于 惊喜 的评价'),
(106, 5, '15.6寸笔记本 i5 4G MX110', NULL, '3999.00', '4199.00', 'i5 4G MX110', '暗红色', 'http://127.0.0.1:3000/img/bjb15.6.png', '100', '一如既往的好 小米情怀', '来自于 惊喜 的评价'),
(107, 5, '15.6寸笔记本 i5 4G MX110', NULL, '3999.00', '4199.00', 'i5 4G MX110', '暗红色', 'http://127.0.0.1:3000/img/bjb15.6.png', '100', '一如既往的好 小米情怀', '来自于 惊喜 的评价'),
(108, 5, '13.3寸小米笔记本Air四核i7', NULL, '5999.00', '6399.00', 'Air四核i7', '金色', 'http://127.0.0.1:3000/img/bjbAir13.3.jpg', '400', '一如既往的好 小米情怀', '来自于 惊喜 的评价'),
(109, 5, '小米电视4c 50英寸', '4KHDR/人工智能语音', '1899.00', '2199.00', '小米电视4c 50英寸', '暗红色', 'http://127.0.0.1:3000/img/xmdianshi4c.jpg', '-1', '一如既往的好 小米情怀', '来自于 惊喜 的评价'),
(110, 5, '小米电视4a 43寸青春版', '全高清屏/人工智能语音', '1499.00', '1699.00', '小米电视4a 43寸青春版', '黑色', 'http://127.0.0.1:3000/img/xmdianshi4a.jpg', '-1', '一如既往的好 小米情怀', '来自于 惊喜 的评价'),
(111, 5, '小米电视4a 43寸青春版', '全高清屏/人工智能语音', '1499.00', '1699.00', '小米电视4a 43寸青春版', '黑色', 'http://127.0.0.1:3000/img/xmdianshi4a.jpg', '-1', '一如既往的好 小米情怀', '来自于 惊喜 的评价'),
(112, 5, '小米电视4c 50英寸', '4KHDR/人工智能语音', '1899.00', '2199.00', '小米电视4c 50英寸', '暗红色', 'http://127.0.0.1:3000/img/xmdianshi4c.jpg', '-1', '一如既往的好 小米情怀', ''),
(113, 4, '小米电视4a 43寸青春版', '全高清屏/人工智能语音', '1499.00', '1699.00', '小米电视4a 43寸青春版', '黑色', 'http://127.0.0.1:3000/img/xmdianshi4a.jpg', '-1', '一如既往的好 小米情怀', '来自于 惊喜 的评价'),
(114, 4, '小米电视4a 43寸青春版', '全高清屏/人工智能语音', '1499.00', '1699.00', '小米电视4a 43寸青春版', '黑色', 'http://127.0.0.1:3000/img/xmdianshi4a.jpg', '-1', '一如既往的好 小米情怀', '来自于 惊喜 的评价'),
(115, 4, '小米电视4c 50英寸', '4KHDR/人工智能语音', '1899.00', '2199.00', '小米电视4c 50英寸', '暗红色', 'http://127.0.0.1:3000/img/xmdianshi4c.jpg', '-1', '一如既往的好 小米情怀', '来自于 惊喜 的评价'),
(116, 4, '13.3寸小米笔记本Air四核i7', NULL, '5999.00', '6399.00', 'Air四核i7', '金色', 'http://127.0.0.1:3000/img/bjbAir13.3.jpg', '400', '一如既往的好 小米情怀', '来自于 惊喜 的评价'),
(117, 4, '15.6寸笔记本 i5 4G MX110', NULL, '3999.00', '4199.00', 'i5 4G MX110', '暗红色', 'http://127.0.0.1:3000/img/bjb15.6.png', '100', '一如既往的好 小米情怀', '来自于 惊喜 的评价'),
(118, 6, '小米体重秤 白色', '高精度压力传感器', '1.00', '99.00', NULL, '白色', 'http://127.0.0.1:3000/img/T1sWd_B7VT1RXrhCrK.jpg', '1', NULL, NULL),
(119, 6, '米兔儿童电话手表 3 4 G 蓝色', '带你探索植物园的电话手表', '1.00', '579.00', '手表3G - 手表4G', '金色', 'http://127.0.0.1:3000/img/8794f2d4-4254-f931-da9b-f377a9b7110a.jpg', '1', NULL, NULL),
(120, 6, 'TS 偏光太阳镜 米家定制 灰色', '夏季优选 时尚随行', '1.00', '99.00', '米家定制 灰色', '灰色', 'http://127.0.0.1:3000/img/7f2afcae-8db2-a47d-7073-72547b07b1a8.jpg', '1', NULL, NULL),
(121, 6, '手机type-c转换器 白色', '高端设计 持久耐用', '7.90', '9.90', 'type-c转换器', '白色', 'http://127.0.0.1:3000/img/287594eb-b765-8db1-3255-0a05c4c07440.jpg', NULL, NULL, NULL),
(122, 6, '米家小娃娃', '没有更可爱 只有最可爱', '66.00', '99.00', '米家小娃娃', '蓝色', 'http://127.0.0.1:3000/img/1acf1167-8a6d-cefb-7805-628f78a6aa33.jpg', NULL, NULL, NULL),
(123, 6, '小米插排 白色', '质量可靠 安全放心', '159.00', '199.00', '小米插排', '白色', 'http://127.0.0.1:3000/img/9f49ad97-6865-a512-2478-a11c24fcc762.jpg', NULL, NULL, NULL),
(124, 6, '米家小风扇', '清凉一夏 随身必备', '1.00', '9.90', '米家小风扇', '蓝色', 'http://127.0.0.1:3000/img/8fc81277-368b-2435-93dc-87ced43b0cf6.jpg', '1', NULL, NULL),
(125, 6, '小米盒子', '高精度传感器', '199.00', '299.00', '小米盒子', '白色', 'http://127.0.0.1:3000/img/T1V1VvBKZv1RXrhCrK.jpg', '', NULL, NULL),
(126, 6, '小米体重秤 白色', '高精度压力传感器', '1.00', '99.00', '小米体重秤 白色', '白色', 'http://127.0.0.1:3000/img/T1sWd_B7VT1RXrhCrK.jpg', '1', NULL, NULL),
(127, 6, '小米体重秤 白色', '高精度压力传感器', '1.00', '99.00', NULL, '白色', 'http://127.0.0.1:3000/img/T1sWd_B7VT1RXrhCrK.jpg', '1', NULL, NULL),
(128, 6, '米兔儿童电话手表 3 4 G 蓝色', '带你探索植物园的电话手表', '1.00', '579.00', '手表3G - 手表4G', '金色', 'http://127.0.0.1:3000/img/8794f2d4-4254-f931-da9b-f377a9b7110a.jpg', '1', NULL, NULL),
(129, 6, 'TS 偏光太阳镜 米家定制 灰色', '夏季优选 时尚随行', '1.00', '99.00', '米家定制 灰色', '灰色', 'http://127.0.0.1:3000/img/7f2afcae-8db2-a47d-7073-72547b07b1a8.jpg', '1', NULL, NULL),
(130, 6, '手机type-c转换器 白色', '高端设计 持久耐用', '7.90', '9.90', 'type-c转换器', '白色', 'http://127.0.0.1:3000/img/287594eb-b765-8db1-3255-0a05c4c07440.jpg', NULL, NULL, NULL),
(131, 6, '米家小娃娃', '没有更可爱 只有最可爱', '66.00', '99.00', '米家小娃娃', '蓝色', 'http://127.0.0.1:3000/img/1acf1167-8a6d-cefb-7805-628f78a6aa33.jpg', NULL, NULL, NULL),
(132, 3, '小米插排 白色', '质量可靠 安全放心', '159.00', '199.00', '小米插排', '白色', 'http://127.0.0.1:3000/img/9f49ad97-6865-a512-2478-a11c24fcc762.jpg', NULL, NULL, NULL),
(133, 3, '小米插排 白色', '质量可靠 安全放心', '159.00', '199.00', '小米插排', '白色', 'http://127.0.0.1:3000/img/9f49ad97-6865-a512-2478-a11c24fcc762.jpg', NULL, NULL, NULL),
(134, 3, '米兔儿童电话手表 3 4 G 蓝色', '带你探索植物园的电话手表', '1.00', '579.00', '手表3G - 手表4G', '金色', 'http://127.0.0.1:3000/img/8794f2d4-4254-f931-da9b-f377a9b7110a.jpg', '1', NULL, NULL),
(135, 1, '小米8青春版 4GB+64GB', '潮流镜面渐变色 2400万自拍旗舰', '1399.00', NULL, '小米8青春版 4GB+64GB - 小米8青春版 6GB+128GB', '亮黑色', 'http://127.0.0.1:3000/img/xiaomi8qingchun.jpg', '-1', NULL, NULL),
(136, 1, '小米8屏幕指纹版 8GB+128GB', '全球首款压感屏幕指纹 双频GPS...', '3599.00', NULL, '小米8屏幕指纹版 8GB+128GB-小米8屏幕指纹版 6GB+64GB', '水晶粉', 'http://127.0.0.1:3000/img/xm8zhiwen.png', '-1', NULL, NULL),
(137, 1, '小米8 SE 4GB+64GB', 'AI感光双摄 三星AMOLED屏幕', '1699.00', '1799.00', '小米8 SE 4GB+64GB - 小米8 SE 6GB+128GB', '天空蓝', 'http://127.0.0.1:3000/img/xm8se.jpg', '100', NULL, NULL),
(138, 1, '小米MIX 2S 8GB+256GB', '骁龙845年度旗舰处理器 艺术品般的丝滑', '3599.00', '3999.00', '小米MIX 2S 8GB+256GB-小米MIX 2S 6GB+128GB - 小米MIX 2S 6GB+64GB', '乳白色', 'http://127.0.0.1:3000/img/xmMIX2s.jpg', '400', NULL, NULL),
(139, 1, '小米6X 4GB+32GB', '全索尼相机 骁龙660AIE处理器', '1499.00', '1199.00', '小米6X 4GB+32GB - 小米6X 4GB+64GB', '暗红色', 'http://127.0.0.1:3000/img/xm6X.jpg', '0.8', NULL, NULL),
(140, 1, '小米Max 2 4GB+64GB', '6.44寸大屏 5300mAh充电宝级别', '1699.00', NULL, '小米Max 2 4GB+64GB - 小米Max 2 6GB+128GB', '金色', 'http://127.0.0.1:3000/img/xmMAX2.jpg', NULL, NULL, NULL),
(141, 1, '小米MIX2 全陶瓷尊享版', '全面屏2.0 Unibody全陶瓷', '2699.00', '4699.00', '小米MIX2 全陶瓷尊享版', '黑色', 'http://127.0.0.1:3000/img/xmMIX2.jpg', '0.6', NULL, NULL),
(142, 1, '红米s2 3GB+32GB', '前置1600万超大像素智能美拍', '999.00', NULL, '红米s2 3GB+32GB', '骚气粉', 'http://127.0.0.1:3000/img/hms2.jpg', NULL, NULL, NULL),
(143, 1, '小米8青春版 4GB+64GB', '潮流镜面渐变色 2400万自拍旗舰', '1399.00', NULL, '小米8青春版 4GB+64GB - 小米8青春版 6GB+128GB', '亮黑色', 'http://127.0.0.1:3000/img/xiaomi8qingchun.jpg', '-1', NULL, NULL),
(144, 1, '小米8青春版 4GB+64GB', '潮流镜面渐变色 2400万自拍旗舰', '1399.00', NULL, '小米8青春版 4GB+64GB - 小米8青春版 6GB+128GB', '亮黑色', 'http://127.0.0.1:3000/img/xiaomi8qingchun.jpg', '-1', NULL, NULL),
(145, 1, '小米8屏幕指纹版 8GB+128GB', '全球首款压感屏幕指纹 双频GPS...', '3599.00', NULL, '小米8屏幕指纹版 8GB+128GB-小米8屏幕指纹版 6GB+64GB', '水晶粉', 'http://127.0.0.1:3000/img/xm8zhiwen.png', '-1', NULL, NULL),
(146, 1, '小米8 SE 4GB+64GB', 'AI感光双摄 三星AMOLED屏幕', '1699.00', '1799.00', '小米8 SE 4GB+64GB - 小米8 SE 6GB+128GB', '天空蓝', 'http://127.0.0.1:3000/img/xm8se.jpg', '100', NULL, NULL),
(147, 1, '小米MIX 2S 8GB+256GB', '骁龙845年度旗舰处理器 艺术品般的丝滑', '3599.00', '3999.00', '小米MIX 2S 8GB+256GB-小米MIX 2S 6GB+128GB - 小米MIX 2S 6GB+64GB', '乳白色', 'http://127.0.0.1:3000/img/xmMIX2s.jpg', '400', NULL, NULL),
(148, 1, '小米6X 4GB+32GB', '全索尼相机 骁龙660AIE处理器', '1499.00', '1199.00', '小米6X 4GB+32GB - 小米6X 4GB+64GB', '暗红色', 'http://127.0.0.1:3000/img/xm6X.jpg', '0.8', NULL, NULL),
(149, 1, '小米Max 2 4GB+64GB', '6.44寸大屏 5300mAh充电宝级别', '1699.00', NULL, '小米Max 2 4GB+64GB - 小米Max 2 6GB+128GB', '金色', 'http://127.0.0.1:3000/img/xmMAX2.jpg', NULL, NULL, NULL),
(150, 1, '小米MIX2 全陶瓷尊享版', '全面屏2.0 Unibody全陶瓷', '2699.00', '4699.00', '小米MIX2 全陶瓷尊享版', '黑色', 'http://127.0.0.1:3000/img/xmMIX2.jpg', '0.6', NULL, NULL),
(151, 1, '红米s2 3GB+32GB', '前置1600万超大像素智能美拍', '999.00', NULL, '红米s2 3GB+32GB', '骚气粉', 'http://127.0.0.1:3000/img/hms2.jpg', NULL, NULL, NULL),
(152, 1, '小米8青春版 4GB+64GB', '潮流镜面渐变色 2400万自拍旗舰', '1399.00', NULL, '小米8青春版 4GB+64GB - 小米8青春版 6GB+128GB', '亮黑色', 'http://127.0.0.1:3000/img/xiaomi8qingchun.jpg', '-1', NULL, NULL),
(153, 2, '小米电视4a 43寸青春版', '全高清屏/人工智能语音', '1499.00', '1699.00', '小米电视4a 43寸青春版', '黑色', 'http://127.0.0.1:3000/img/xmdianshi4a.jpg', '-1', '一如既往的好 小米情怀', '来自于 惊喜 的评价'),
(154, 2, '小米电视4c 50英寸', '4KHDR/人工智能语音', '1899.00', '2199.00', '小米电视4c 50英寸', '暗红色', 'http://127.0.0.1:3000/img/xmdianshi4c.jpg', '-1', '一如既往的好 小米情怀', '来自于 惊喜 的评价'),
(155, 2, '15.6寸笔记本 i5 4G MX110', NULL, '3999.00', '4199.00', 'i5 4G MX110', '暗红色', 'http://127.0.0.1:3000/img/bjb15.6.png', '100', '一如既往的好 小米情怀', '来自于 惊喜 的评价'),
(156, 2, '13.3寸小米笔记本Air四核i7', NULL, '5999.00', '6399.00', 'Air四核i7', '金色', 'http://127.0.0.1:3000/img/bjbAir13.3.jpg', '400', '一如既往的好 小米情怀', '来自于 惊喜 的评价'),
(157, 2, '13.3寸小米笔记本Air四核i7', NULL, '5999.00', '6399.00', 'Air四核i7', '金色', 'http://127.0.0.1:3000/img/bjbAir13.3.jpg', '400', '一如既往的好 小米情怀', '来自于 惊喜 的评价'),
(158, 2, '15.6寸笔记本 i5 4G MX110', NULL, '3999.00', '4199.00', 'i5 4G MX110', '暗红色', 'http://127.0.0.1:3000/img/bjb15.6.png', '100', '一如既往的好 小米情怀', '来自于 惊喜 的评价'),
(159, 2, '小米电视4c 50英寸', '4KHDR/人工智能语音', '1899.00', '2199.00', '小米电视4c 50英寸', '暗红色', 'http://127.0.0.1:3000/img/xmdianshi4c.jpg', '-1', '一如既往的好 小米情怀', '来自于 惊喜 的评价'),
(160, 2, '小米电视4a 43寸青春版', '全高清屏/人工智能语音', '1499.00', '1699.00', '小米电视4a 43寸青春版', '黑色', 'http://127.0.0.1:3000/img/xmdianshi4a.jpg', '-1', '一如既往的好 小米情怀', '来自于 惊喜 的评价'),
(161, 2, '小米电视4a 43寸青春版', '全高清屏/人工智能语音', '1499.00', '1699.00', '小米电视4a 43寸青春版', '黑色', 'http://127.0.0.1:3000/img/xmdianshi4a.jpg', '-1', '一如既往的好 小米情怀', '来自于 惊喜 的评价'),
(162, 2, '小米电视4c 50英寸', '4KHDR/人工智能语音', '1899.00', '2199.00', '小米电视4c 50英寸', '暗红色', 'http://127.0.0.1:3000/img/xmdianshi4c.jpg', '-1', '一如既往的好 小米情怀', ''),
(163, 4, '15.6寸笔记本 i5 4G MX110', NULL, '3999.00', '4199.00', 'i5 4G MX110', '暗红色', 'http://127.0.0.1:3000/img/bjb15.6.png', '100', '一如既往的好 小米情怀', '来自于 惊喜 的评价'),
(164, 4, '13.3寸小米笔记本Air四核i7', NULL, '5999.00', '6399.00', 'Air四核i7', '金色', 'http://127.0.0.1:3000/img/bjbAir13.3.jpg', '400', '一如既往的好 小米情怀', '来自于 惊喜 的评价'),
(165, 4, '小米电视4c 50英寸', '4KHDR/人工智能语音', '1899.00', '2199.00', '小米电视4c 50英寸', '暗红色', 'http://127.0.0.1:3000/img/xmdianshi4c.jpg', '-1', '一如既往的好 小米情怀', '来自于 惊喜 的评价'),
(166, 4, '小米电视4a 43寸青春版', '全高清屏/人工智能语音', '1499.00', '1699.00', '小米电视4a 43寸青春版', '黑色', 'http://127.0.0.1:3000/img/xmdianshi4a.jpg', '-1', '一如既往的好 小米情怀', '来自于 惊喜 的评价'),
(167, 4, '小米电视4a 43寸青春版', '全高清屏/人工智能语音', '1499.00', '1699.00', '小米电视4a 43寸青春版', '黑色', 'http://127.0.0.1:3000/img/xmdianshi4a.jpg', '-1', '一如既往的好 小米情怀', '来自于 惊喜 的评价'),
(168, 4, '小米电视4c 50英寸', '4KHDR/人工智能语音', '1899.00', '2199.00', '小米电视4c 50英寸', '暗红色', 'http://127.0.0.1:3000/img/xmdianshi4c.jpg', '-1', '一如既往的好 小米情怀', '来自于 惊喜 的评价'),
(169, 4, '13.3寸小米笔记本Air四核i7', NULL, '5999.00', '6399.00', 'Air四核i7', '金色', 'http://127.0.0.1:3000/img/bjbAir13.3.jpg', '400', '一如既往的好 小米情怀', '来自于 惊喜 的评价'),
(170, 4, '15.6寸笔记本 i5 4G MX110', NULL, '3999.00', '4199.00', 'i5 4G MX110', '暗红色', 'http://127.0.0.1:3000/img/bjb15.6.png', '100', '一如既往的好 小米情怀', '来自于 惊喜 的评价'),
(171, 4, '小米电视4a 43寸青春版', '全高清屏/人工智能语音', '1499.00', '1699.00', '小米电视4a 43寸青春版', '黑色', 'http://127.0.0.1:3000/img/xmdianshi4a.jpg', '-1', '一如既往的好 小米情怀', '来自于 惊喜 的评价'),
(172, 4, '小米电视4a 43寸青春版', '全高清屏/人工智能语音', '1499.00', '1699.00', '小米电视4a 43寸青春版', '黑色', 'http://127.0.0.1:3000/img/xmdianshi4a.jpg', '-1', '一如既往的好 小米情怀', ''),
(173, 4, '小米电视4a 43寸青春版', '全高清屏/人工智能语音', '1499.00', '1699.00', '小米电视4a 43寸青春版', '黑色', 'http://127.0.0.1:3000/img/xmdianshi4a.jpg', '-1', '一如既往的好 小米情怀', '来自于 惊喜 的评价'),
(174, 4, '小米电视4a 43寸青春版', '全高清屏/人工智能语音', '1499.00', '1699.00', '小米电视4a 43寸青春版', '黑色', 'http://127.0.0.1:3000/img/xmdianshi4a.jpg', '-1', '一如既往的好 小米情怀', '来自于 惊喜 的评价'),
(175, 4, '小米电视4a 43寸青春版', '全高清屏/人工智能语音', '1499.00', '1699.00', '小米电视4a 43寸青春版', '黑色', 'http://127.0.0.1:3000/img/xmdianshi4a.jpg', '-1', '一如既往的好 小米情怀', '来自于 惊喜 的评价'),
(176, 4, '小米电视4a 43寸青春版', '全高清屏/人工智能语音', '1499.00', '1699.00', '小米电视4a 43寸青春版', '黑色', 'http://127.0.0.1:3000/img/xmdianshi4a.jpg', '-1', '一如既往的好 小米情怀', '来自于 惊喜 的评价'),
(177, 4, '小米电视4a 43寸青春版', '全高清屏/人工智能语音', '1499.00', '1699.00', '小米电视4a 43寸青春版', '黑色', 'http://127.0.0.1:3000/img/xmdianshi4a.jpg', '-1', '一如既往的好 小米情怀', '来自于 惊喜 的评价'),
(178, 4, '小米电视4a 43寸青春版', '全高清屏/人工智能语音', '1499.00', '1699.00', '小米电视4a 43寸青春版', '黑色', 'http://127.0.0.1:3000/img/xmdianshi4a.jpg', '-1', '一如既往的好 小米情怀', '来自于 惊喜 的评价'),
(179, 4, '小米电视4a 43寸青春版', '全高清屏/人工智能语音', '1499.00', '1699.00', '小米电视4a 43寸青春版', '黑色', 'http://127.0.0.1:3000/img/xmdianshi4a.jpg', '-1', '一如既往的好 小米情怀', '来自于 惊喜 的评价'),
(180, 4, '小米电视4a 43寸青春版', '全高清屏/人工智能语音', '1499.00', '1699.00', '小米电视4a 43寸青春版', '黑色', 'http://127.0.0.1:3000/img/xmdianshi4a.jpg', '-1', '一如既往的好 小米情怀', ''),
(181, 4, '小米电视4c 50英寸', '4KHDR/人工智能语音', '1899.00', '2199.00', '小米电视4c 50英寸', '暗红色', 'http://127.0.0.1:3000/img/xmdianshi4c.jpg', '-1', '一如既往的好 小米情怀', '来自于 惊喜 的评价'),
(182, 4, '小米电视4c 50英寸', '4KHDR/人工智能语音', '1899.00', '2199.00', '小米电视4c 50英寸', '暗红色', 'http://127.0.0.1:3000/img/xmdianshi4c.jpg', '-1', '一如既往的好 小米情怀', '来自于 惊喜 的评价'),
(183, 5, '15.6寸笔记本 i5 4G MX110', NULL, '3999.00', '4199.00', 'i5 4G MX110', '暗红色', 'http://127.0.0.1:3000/img/bjb15.6.png', '100', '一如既往的好 小米情怀', '来自于 惊喜 的评价'),
(184, 5, '13.3寸小米笔记本Air四核i7', NULL, '5999.00', '6399.00', 'Air四核i7', '金色', 'http://127.0.0.1:3000/img/bjbAir13.3.jpg', '400', '一如既往的好 小米情怀', '来自于 惊喜 的评价'),
(185, 5, '小米电视4c 50英寸', '4KHDR/人工智能语音', '1899.00', '2199.00', '小米电视4c 50英寸', '暗红色', 'http://127.0.0.1:3000/img/xmdianshi4c.jpg', '-1', '一如既往的好 小米情怀', '来自于 惊喜 的评价'),
(186, 5, '小米电视4a 43寸青春版', '全高清屏/人工智能语音', '1499.00', '1699.00', '小米电视4a 43寸青春版', '黑色', 'http://127.0.0.1:3000/img/xmdianshi4a.jpg', '-1', '一如既往的好 小米情怀', '来自于 惊喜 的评价'),
(187, 5, '小米电视4a 43寸青春版', '全高清屏/人工智能语音', '1499.00', '1699.00', '小米电视4a 43寸青春版', '黑色', 'http://127.0.0.1:3000/img/xmdianshi4a.jpg', '-1', '一如既往的好 小米情怀', '来自于 惊喜 的评价'),
(188, 5, '小米电视4c 50英寸', '4KHDR/人工智能语音', '1899.00', '2199.00', '小米电视4c 50英寸', '暗红色', 'http://127.0.0.1:3000/img/xmdianshi4c.jpg', '-1', '一如既往的好 小米情怀', '来自于 惊喜 的评价'),
(189, 5, '13.3寸小米笔记本Air四核i7', NULL, '5999.00', '6399.00', 'Air四核i7', '金色', 'http://127.0.0.1:3000/img/bjbAir13.3.jpg', '400', '一如既往的好 小米情怀', '来自于 惊喜 的评价'),
(190, 5, '15.6寸笔记本 i5 4G MX110', NULL, '3999.00', '4199.00', 'i5 4G MX110', '暗红色', 'http://127.0.0.1:3000/img/bjb15.6.png', '100', '一如既往的好 小米情怀', '来自于 惊喜 的评价'),
(191, 5, '15.6寸笔记本 i5 4G MX110', NULL, '3999.00', '4199.00', 'i5 4G MX110', '暗红色', 'http://127.0.0.1:3000/img/bjb15.6.png', '100', '一如既往的好 小米情怀', '来自于 惊喜 的评价'),
(192, 5, '13.3寸小米笔记本Air四核i7', NULL, '5999.00', '6399.00', 'Air四核i7', '金色', 'http://127.0.0.1:3000/img/bjbAir13.3.jpg', '400', '一如既往的好 小米情怀', '');

-- --------------------------------------------------------

--
-- 表的结构 `m_shoppingcart_item`
--

CREATE TABLE `m_shoppingcart_item` (
  `iid` int(11) NOT NULL,
  `uid` int(11) DEFAULT NULL,
  `lid` int(11) DEFAULT NULL,
  `count` int(11) DEFAULT NULL
) ENGINE=InnoDB DEFAULT CHARSET=latin1;

--
-- 转存表中的数据 `m_shoppingcart_item`
--

INSERT INTO `m_shoppingcart_item` (`iid`, `uid`, `lid`, `count`) VALUES
(1, 1, 2, 2),
(2, 4, 56, 2),
(3, 10, 150, 2),
(4, 10, 54, 12),
(5, 10, 152, 2),
(6, 4, 55, 1),
(7, 4, 161, 1);

-- --------------------------------------------------------

--
-- 表的结构 `m_user`
--

CREATE TABLE `m_user` (
  `uid` int(128) NOT NULL,
  `uname` varchar(64) CHARACTER SET utf8 COLLATE utf8_croatian_ci DEFAULT NULL,
  `upwd` varchar(64) CHARACTER SET utf8 COLLATE utf8_croatian_ci DEFAULT NULL,
  `phone` varchar(16) CHARACTER SET utf8 COLLATE utf8_croatian_ci DEFAULT NULL,
  `email` varchar(64) CHARACTER SET utf8 COLLATE utf8_croatian_ci DEFAULT NULL,
  `adress` varchar(128) CHARACTER SET utf8 COLLATE utf8_croatian_ci DEFAULT NULL,
  `autograph` varchar(128) CHARACTER SET utf8 COLLATE utf8_croatian_ci DEFAULT NULL,
  `hobby` varchar(128) CHARACTER SET utf8 COLLATE utf8_croatian_ci DEFAULT NULL
) ENGINE=InnoDB DEFAULT CHARSET=latin1;

--
-- 转存表中的数据 `m_user`
--

INSERT INTO `m_user` (`uid`, `uname`, `upwd`, `phone`, `email`, `adress`, `autograph`, `hobby`) VALUES
(1, 'aa', '123456', '123456789', 'sadsdsa@sd.com', NULL, NULL, NULL),
(4, 'lujiaxing', 'lujiaxing', '18845049775', 'jx_0810@126.com', '火星地球', '走别人的路让别人五路可走', '打篮球'),
(8, 'sunyang', 'sunyang', '13501234560', '11324564879@qq.com', NULL, NULL, NULL),
(9, 'liululu', 'liululu', '13156467891', '1179524522@qq.com', NULL, NULL, NULL),
(10, 'yayaya', 'yayaya', '13269195181', '1234567890@qq.com', 'dsadsadsadsad', 'sasadsadsa', 'sdsadsadsadsa'),
(11, 'dangdang', '123456', '13501234560', '11324564879@qq.com', NULL, NULL, NULL),
(12, 'dingdang', '123456', '13156467891', '1234567890@qq.com', NULL, NULL, NULL),
(13, '123456', '123456', '13156467891', '1179524522@qq.com', NULL, NULL, NULL),
(14, 'dongdong', '123456', '13156467891', '1234567890@qq.com', NULL, NULL, NULL),
(15, 'liangliang', '123456', '13501234560', '1179524522@qq.com', NULL, NULL, NULL),
(16, 'taotao', '123456', '13501234560', '1179524522@qq.com', NULL, NULL, NULL),
(17, 'tomtom', '123456', '18845049776', '1129524522@qq.com', NULL, NULL, NULL),
(19, 'lujiaxing11', '123456', '13501234577', '117952452@qq.com', NULL, NULL, NULL),
(20, 'xiaoxingxing', '123456', '17600829775', '1305562373@126.com', NULL, NULL, NULL),
(21, 'xiaosiyang', '123456', '13945299780', '13945299780@qq.com', NULL, NULL, NULL),
(22, 'siliulu', '123456', '17645007653', '17645007653@qq.com', NULL, NULL, NULL);

--
-- Indexes for dumped tables
--

--
-- Indexes for table `m_family`
--
ALTER TABLE `m_family`
  ADD PRIMARY KEY (`fid`);

--
-- Indexes for table `m_index_carousel`
--
ALTER TABLE `m_index_carousel`
  ADD PRIMARY KEY (`cid`);

--
-- Indexes for table `m_laptop`
--
ALTER TABLE `m_laptop`
  ADD PRIMARY KEY (`lid`);

--
-- Indexes for table `m_shoppingcart_item`
--
ALTER TABLE `m_shoppingcart_item`
  ADD PRIMARY KEY (`iid`);

--
-- Indexes for table `m_user`
--
ALTER TABLE `m_user`
  ADD PRIMARY KEY (`uid`);

--
-- 在导出的表使用AUTO_INCREMENT
--

--
-- 使用表AUTO_INCREMENT `m_family`
--
ALTER TABLE `m_family`
  MODIFY `fid` int(11) NOT NULL AUTO_INCREMENT, AUTO_INCREMENT=7;

--
-- 使用表AUTO_INCREMENT `m_index_carousel`
--
ALTER TABLE `m_index_carousel`
  MODIFY `cid` int(16) NOT NULL AUTO_INCREMENT, AUTO_INCREMENT=6;

--
-- 使用表AUTO_INCREMENT `m_laptop`
--
ALTER TABLE `m_laptop`
  MODIFY `lid` int(11) NOT NULL AUTO_INCREMENT, AUTO_INCREMENT=193;

--
-- 使用表AUTO_INCREMENT `m_shoppingcart_item`
--
ALTER TABLE `m_shoppingcart_item`
  MODIFY `iid` int(11) NOT NULL AUTO_INCREMENT, AUTO_INCREMENT=8;

--
-- 使用表AUTO_INCREMENT `m_user`
--
ALTER TABLE `m_user`
  MODIFY `uid` int(128) NOT NULL AUTO_INCREMENT, AUTO_INCREMENT=23;
COMMIT;

/*!40101 SET CHARACTER_SET_CLIENT=@OLD_CHARACTER_SET_CLIENT */;
/*!40101 SET CHARACTER_SET_RESULTS=@OLD_CHARACTER_SET_RESULTS */;
/*!40101 SET COLLATION_CONNECTION=@OLD_COLLATION_CONNECTION */;
